{"chunk_definitions":[{"row":27,"row_count":1,"visible":true,"expansion_state":0,"options":{"engine":"r","message":false,"label":"unnamed-chunk-27"},"document_id":"21C35683","chunk_id":"ck70y73edyzf2","chunk_label":"unnamed-chunk-1"},{"row":308,"row_count":1,"visible":true,"expansion_state":0,"options":{"engine":"r","message":false,"label":"unnamed-chunk-28"},"document_id":"21C35683","chunk_id":"cye4zi976tpjh","chunk_label":"unnamed-chunk-23"},{"row":317,"row_count":1,"visible":true,"expansion_state":0,"options":{"engine":"r","message":false,"label":"unnamed-chunk-29"},"document_id":"21C35683","chunk_id":"cdigmuene8cbd","chunk_label":"unnamed-chunk-24"}],"doc_write_time":1638918041,"working_dir":null,"default_chunk_options":{}}